동영상,동영상 제목,동영상 게시 시간,조회수,시청 시간(단위: 시간),구독자,추정 수익 (USD),노출수,노출 클릭률 (%)
합계,,,980496,73703.4559,1482,3230.456,8024726,8.11
zONfGalNqMY,"에이치엘비, 유상증자 뒤 급등사례 한미약품","Apr 20, 2020",15320,1836.3546,28,48.035,143532,7.51
4mzVtXuq4aQ,"에이치엘비, 임상3상 구두 발표 뉴스기사 나왔습니다. 수익 나는 기업의 모습을 갖춰가고 있습니다. 6월8일 무상증자도 잊지 마세요","May 30, 2020",14020,1209.9933,36,66.799,62307,15.49
Im2tab42mW4,에이치엘비 신주인수권 월요일 '매수/매도/가만히'를 준비하세요. (유상증자청약),"May 9, 2020",12165,1001.1928,32,51.581,85546,8.38
Qg1GIWW5Lbk,에이치엘비 무상증자는 6월4일 매수 후 하룻밤 지나야합니다. 레고켐바이오와 비디아이 무상증자 사례,"Jun 1, 2020",10348,853.0872,16,21.202,66653,10.34
UwNFMx6IRZc,에이치엘비 갭상승 이유는 MSCI 리밸런싱!! 그리고 높아지는 중국비중(ETF) | 청약율107% 성공적. 300억 주담대로 무엇을 할까?,"May 29, 2020",10215,759.6827,12,27.077,47967,15.14
V6yaHfpGjlw,"에이치엘비 진양곤 회장님 인터뷰에는 어떤 새로운 정보들이 있을까요 | 리보세라닙, NDA, 아필리아, 이뮤노믹","Apr 27, 2020",10196,953.4357,15,42.298,71090,10.06
3-jbP0pmtWk,에이치엘비는 6월 27일 이내 폴첸 어드벤첸과 리보세라닙 글로벌권리 인수 본계약 예정입니다. 물질특허와 염조성물특허. Licensor와 Licensee,"Jun 13, 2020",9967,759.5413,16,40.61,40502,15.92
tHO4d8y2h4Y,에이치엘비 시장 하락을 틈타 숏커버링을 시도했는가? 장초반 호재뉴스기사없이 급등한 이유는? | 신라젠 매매거래정지,"May 4, 2020",9560,593.0765,3,38.787,54574,11.5
Te0jqlE2Ip4,"에이치엘비, 유증 다음 무상증자 보너스를 잊으시면 안 됩니다 | 마이너스 금리","May 17, 2020",9359,790.4561,9,36.548,72881,8.76
CjGFHJagvcE,에이치엘비 무상증자는 유상증자 때와는 달랐다. 적어도 하루 기준으로는,"Jun 4, 2020",9318,852.8834,3,41.567,54163,12.17
oVRfHiZ1sN0,에이치엘비 6월말 원천 특허 본계약 체결 즉시 제3자배정 유상증자 공시가 나옵니다.(양수대금 중 60% 출자),"Jun 13, 2020",9204,711.3617,10,37.778,42543,14.14
upBVUpJerJ4,에이치엘비 및 바이오기업들이 기대하던 Best Of ASCO Meeting은 취소되었습니다. 삼성중공업과 삼성중공우,"Jun 8, 2020",9173,590.1362,7,30.655,35934,15.61
lBV4wuthEoE,"에이치엘비 미 학회서 발표, 이번엔 AACR에 에이치엘비 이름이 올라왔습니다","May 3, 2020",8965,617.6122,5,42.802,39464,14.58
XlSKpVWXT94,에이치엘비의 엘리바와 이뮤노믹은 미국법인입니다. USA BIO Conference 6월8일부터 시작입니다.,"Jun 6, 2020",8735,596.013,9,27.125,36176,14.89
McYpDNfaLMA,에이치엘비 투자자별 매매동향이 이상하다?! | 블록딜 전 공매도 | 잘 안 되면 매매를 쉬어야 합니다.,"May 12, 2020",8644,677.1979,4,27.404,48560,12.02
JIM4vpCkmGk,에이치엘비 얼마만에 장대양봉|총선 이후 주가는 오를까 내릴까?,"Apr 14, 2020",8263,764.6311,21,25.577,65212,9.25
RhR-uTiIh40,에이치엘비 주주인 블랙록은 약 1경을 굴리는 세계최대자산운용사. 브릿지바이오테라퓨틱스 임상지연 기술수출파기 루머,"Jun 6, 2020",8132,631.6698,7,32.61,42528,11.73
q2qrwx_lcVA,에이치엘비 드디어 의미있는 수량의 공매도상환이 시작되었습니다. 미국 셰일기업 첫 파산보호 신청,"Apr 2, 2020",8116,843.396,18,27.272,56230,10.4
UdyREx9g3Ks,"에이치엘비의 큰형님, 항서제약은 지금 어디서 뭘하고 있는가? 캄렐리주맙","May 16, 2020",7971,481.2207,10,24.761,41316,10.59
RckEmdgaAuo,에이치엘비 ASCO 아파티닙(리보세라닙) 간세포 2차치료제 임상3상 초록 해석,"May 29, 2020",7740,618.8734,5,34.887,44011,12.48
dn4QcnJdtu8,에이치엘비 유상증자 초과청약(20%)받는 방법 설명부탁드려요~|신주인수권 매도 가능기간 언제였죠?,"Apr 15, 2020",7722,646.0869,30,26.927,91378,6.22
Ivemb2Vz6pk,에이치엘비 상승할 때 공매도잔고는? 제약바이오 뉴스 보는 사이트 소개 | 두산인프라코어 상승 이유는?,"Jun 3, 2020",7714,627.0488,11,24.584,46219,12.09
4lGXqXb_njU,에이치엘비 들썩들썩. 요즘 들어 위로 날카롭게 찌르는 슈팅의 흔적들이 자주 보입니다,"Apr 3, 2020",7706,553.744,31,23.812,58015,8.89
ZS7EN9CW6NM,에이치엘비 이게 머선 일이고ㅋㅋ | 신주인수권 가격과 적정가격 | 공매도 숏커버링?,"May 11, 2020",7665,722.4206,11,23.683,47891,11.11
dr4mWjGt_n8,에이치엘비 오늘도 상승했습니다!! ASCO에서 best 선정될까? 차바이오텍 설거지인가?,"Jun 2, 2020",7554,646.7241,11,30.251,53911,9.64
h5x1D6wqfHA,에이치엘비 주담대 받은 진양곤회장님이 아닌 다른 주체가 넥스트사이언스 BW에 투자했다?!,"Jun 1, 2020",7549,572.1743,14,19.656,47039,10.56
xeZiXkC-KsE,"에이치엘비 어느새 식구가 늘었다. 개미가 많으면 좋을까? 소액주주 증가의 의미, 카이노스메드는 hlb와 비슷한 느낌입니다.","Jun 8, 2020",7460,601.2296,16,33.394,52706,9.76
wQRF-8mnyk4,에이치엘비 전환사채 리픽싱 공시(전환가액의조정),"Mar 18, 2020",7456,606.7486,17,30.285,46674,12.02
TNTAHWyxOoE,에이치엘비 외국인의 강력한 순매수(대량숏커버추정) 일어난 이유는 OO에 있습니다.,"Apr 15, 2020",7424,694.6572,23,28.077,52232,10.92
mAaQnwi9Z0Y,에이치엘비 관련 작전주인가? 제2의 에이치엘비인가? 케이피에스,"May 15, 2020",7344,486.6949,17,21.08,47323,10.04
4rVp3qM8OEU,에이치엘비 100억! 추가상장하는 CB전환물량 분석,"Mar 23, 2020",7272,640.6933,8,23.381,47011,10.53
NU3fccj-lDI,에이치엘비 1차발행가액 확정 | 아필리아 NDA 마일스톤 지급 재원 | 외인수급 | IMF 아시아 성장률 | 총선과 검찰 | 쿠팡,"Apr 16, 2020",7265,639.9789,10,18.576,46170,11.67
VhZJfv9wnyk,에이치엘비의 유상증자 타이밍이 의미하는 것은?,"May 4, 2020",7002,525.5228,6,33.883,47181,9.57
dJz9IcYQLzA,에이치엘비 신주인수권매도 진양곤회장님이 아닙니다 | 뉴욕증시 고평가?,"May 15, 2020",6989,577.4757,6,21.889,41855,10.56
doYX_NBQnmE,에이치엘비 최대 7월 27일까지 어드벤첸 원천특허 본계약 추가연장 가능합니다.,"Jun 13, 2020",6959,478.5609,7,24.462,33111,13.31
QymtF5zjMjI,"에이치엘비, 무상증자하면 주가는 하락할까? 메드팩토사례","Jun 3, 2020",6734,501.9007,4,24.34,52914,8.44
WO15hZTiiQw,에이치엘비 코리아바이오 IR 내용은? | 워런 버핏 8천억원대 사기 당하다 | EBITDA란?,"May 19, 2020",6502,377.9878,4,15.563,34264,12.23
Xhiq51WJS1E,에이치엘비 공매도 상환 확실시 되는 분위기. 한국은행 발권력이 미국에 비해 제한적인 이유,"Apr 6, 2020",6481,505.73,14,21.01,45203,10
OPMKockF0jc,"에이치엘비 지속적으로 대차감소, 공매도잔고감소, 외국인,기관 순매수하는 공매도 상환의 모습입니다.","Apr 3, 2020",6477,577.5438,28,22.068,53537,8.54
ATeiBzGB8Jo,"에이치엘비, 이뮤노믹을 상당히 밀어주는 느낌. 중국주식이 위험한 이유","Apr 5, 2020",6430,461.7312,7,16.807,33253,11.78
ZAglNcovLdY,에이치엘비 최근 느낀점|개인외인수급|뉴스기사|상대적박탈감,"Apr 13, 2020",6397,554.5296,12,18.719,39194,11.53
B3KvcMNKBEc,에이치엘비 드디어 증권사 리포트가 나오기 시작했습니다(한양증권),"Mar 30, 2020",6327,528.2087,14,30.306,53115,8.11
5DqvR9pQAk8,에이치엘비 다음주에 9% 유증신주상장으로 오버행 이슈 있습니다.|바른손 관리종목 지정 위기(4연속영업손실-영업권 전액을 손상차손으로 인식),"Jun 11, 2020",6255,457.1464,8,21.011,39270,10.85
GtDpr4kilnY,한미통화스와프 체결(600억 달러). 환율 1300 가는 줄 알았자너~,"Mar 19, 2020",6224,388.5445,40,17.605,63737,6.49
faVQtXDyh94,"에이치엘비, 세계최대컨퍼런스 바이오USA 작년에는 어땠을까? 나이벡 참가","Jun 7, 2020",6189,458.7167,6,16.272,38033,10.39
w9BWfF4ARRc,셀트리온 오후 3시30분 치료제 개발 간담회,"Mar 23, 2020",6104,257.4252,25,17.945,36715,12.5
J-y6D4bkv5E,"에이치엘비 공매도는 13만원까지 작정하고 숏커버할 생각이었나 봅니다. | 미중 군사 충돌 가능성과 | 레버리지ETF, ETN 예탁금 천만원과 신용금지","May 17, 2020",6066,475.6604,2,17.487,42289,9.15
w3DusvQW1i4,"에이치엘비, ASCO 간 2차치료제 임상3상 리보세라닙(아파티닙)의 부작용은 어떤가?","May 31, 2020",6062,423.7525,10,23.024,43722,10.11
wBS5NM2IxcE,"에이치엘비, 항서제약은 왜 인도 등에 염조성물특허를 냈을까요?","Apr 1, 2020",5944,366.2284,12,14.136,34660,10.93
UbkF8lA0FyI,"에이치엘비 주주는 미연준의 선택을 받은 월가의 제왕 블랙록, 메디톡스 품목취소 결판(대웅제약이 상한가 간 이유는?)","Jun 7, 2020",5900,461.4885,8,23.172,39689,9.72
2k5bZs-bMR0,에이치엘비 증권신고서 또 나온 이유? 어마어마한 유동성이 풀린 증거: 씨젠 700억 알테오젠 1500억 | 상승장인데 조정에 낚여서 인버스 매매를 하는 사람이 있다?!,"May 25, 2020",5893,349.7944,1,21.196,32478,11.98
uNrRhvrZBaM,"에이치엘비 정정신고서, 회사사업과 관련은 없지만 수급위험도 알려줘야 합니다","Mar 25, 2020",5881,411.2051,12,18.214,40331,8.8
WEnuiKJFTP4,에이치엘비 뒤를 이어 기업들이 앞다퉈 유상증자를 하는 이유 | 하필이면 그 타이밍에... 눈물없인 볼 수 없는 유증 타이밍 사례(심텍),"May 23, 2020",5871,446.3389,4,26.727,34059,11.08
a9HA9C4IVZI,에이치엘비 5월29일 MSCI지수 리밸런싱 때 동시호가를 3%나 끌어올린 정체가 밝혀졌다. 그건 바로 블랙록!,"Jun 5, 2020",5804,521.7434,5,15.401,40486,8.72
b--qwYm9Tts,에이치엘비 화이자 경력 박사님 영입! | 삼바에 또 당하다 | 에코프로비엠 테슬라 공급 가능성,"May 26, 2020",5595,378.2242,5,20.432,38235,9
7GJYI4fxY2w,"에이치엘비, 3가지 대주주 유상증자 참여 시나리오를 생각해봤습니다","Apr 23, 2020",5588,496.1921,4,21.114,55653,6.36
dYqKXfyj2rI,에이치엘비 수급으로 바라본 개인들의 심리 | 삼성바이오로직스도 테마를 탔습니다,"Apr 10, 2020",5496,433.8498,9,16.189,35728,10.85
HlNAjrJ-1gs,에이치엘비 공매도잔고 10만주 증가?! | 씨젠 한종목에 700억을 태워?! | 매매중독자의 파탄난 계좌,"May 14, 2020",5454,369.7025,4,10.801,35581,9.48
sQW3f5M597M,"에이치엘비,제넥신,신라젠이 1차 발표했던 AACR의 2차 온라인 프로그램이 6월22일부터 시작됩니다. 종근당이 2차발표합니다.(feat. 에이비엘바이오, 레고켐바이오, 유한양행)","Jun 9, 2020",5428,359.3904,4,14.097,41727,8.81
mMNHLuLOz7s,"에이치엘비 공매도 숏커버링 어마어마하게 들어왔는가? | 등교 연기 | 한진칼, 대한항공 1조 유상증자 | 금융데이터 거래소","May 11, 2020",5289,412.9706,10,16.331,44889,8.9
Zt_5EU4u_fo,에이치엘비 장마감 브리핑 최근 느낀점(장기투자),"Apr 24, 2020",5234,502.718,15,22.187,42071,8.93
5dSlT1N7iKQ,"에이치엘비,  MSCI 지수는 5월, 11월 이벤트가 있는데 패시브 자금이 들어옵니다.","May 29, 2020",5211,450.2747,9,10.615,36986,9.19
jHGwnCaKzJ0,[충격] 엘리바는 이전에 에이치엘비의 100% 자회사였던 회사입니다,"Mar 28, 2020",5130,265.3123,7,10.805,28990,9.74
zlwpLfed8hE,에이치엘비 공매도수량은 9천주인데 공매도잔고는 3만주 늘어났습니다.,"Mar 21, 2020",5073,315.5201,7,20.205,29510,10.15
jimR7HmGgb4,"[공시]에이치엘비, 단기차입금증가결정 | 내일은 옵션만기일입니다. 4월 금리 동결 가능성","Apr 8, 2020",5059,400.0982,14,13.705,41506,9.26
4RGMAPXE_Z4,에이치엘비 최대주주(진양곤회장님) 전액 유증 참여를 위한 블록딜,"May 12, 2020",5010,435.6511,7,20.796,41265,8.71
GF9Twc47DX8,에이치엘비 이뮤노믹 美 정부 기관에 개발 자금 신청,"Mar 23, 2020",4980,369.8578,10,15.67,35776,8.79
 -LEE3WBvt0U,에이치엘비 오랜만에 홈페이지에 새로운 내용이 올라왔나 봅니다 | 아필리아 pre-nda 종료,"May 7, 2020",4961,385.1491,1,19.365,30277,10.91
hpMGlCBDAPU,"에이치엘비 소세포 병용 임상2상 결과 발표(리보세라닙, 캄렐리주맙) | NK세포","Apr 28, 2020",4939,304.2931,2,19.164,35652,8.92
30agb_WUf_I,에이치엘비에 대해 남석관 대표님은 뭐라고 말씀하셨을까? 카이노스메드 임상2상 없이 3상 직행,"Jun 11, 2020",4919,397.2953,7,18.906,34060,8.47
MCXXofUB9pM,"에이치엘비 4분기 로열티수입의 의미 | 초록뱀 유상증자(에이프로젠제약,심텍) | 모더나 증자 | 공인인증서","May 20, 2020",4857,320.759,7,13.058,44281,7.47
eV5rU2EzMPQ,에이치엘비 블록딜 공시를 세세하게 살펴봅니다. | 왜 10만6천원까지 하락했을까,"May 12, 2020",4837,434.0514,5,18.754,33809,9.69
AmLZ2bHjNZU,에이치엘비 장막판에 매수세? 이런 매매하시는 분 있으십니까? 저는 하는데요. 다시보니 심각하네요.,"May 15, 2020",4833,250.7794,1,11.381,25523,11.5
OUXL4i9l_rE,"에이치엘비, 어제 조금은 의심했던 거 미안해... 사실 해낼 거라 믿고 있었어! 파미셀 -9만원","May 29, 2020",4780,425.3318,9,19.4,36498,8.8
N5JYBPGc018,"에이치엘비, 같은 성분의 항서제약 아파티닙은 임상결과도 잘 나오고 판매도 하고 있다. 통계적 유의미성을 확인하는 p값이 비판받고 있다는 사실을 잊지마세요","Jun 6, 2020",4770,312.3169,0,14.467,30795,10.5
L91P_PwtZKs,SK바이오랜드 시간외 하한가 어떻게 바라볼 것인가?,"May 27, 2020",4725,431.6552,18,17.238,38320,9.44
djWuqVrSZmY,에이치엘비 장마감 브리핑 | 이런 좋은 장에 손실보는 개미가 있다? 네 바로 접니다.,"May 7, 2020",4719,280.304,3,14.261,29398,10.07
5hmHBQTFWEo,에이치엘비 신주인수권은 무엇이고 워런트는 뭔가요?,"Apr 29, 2020",4718,452.9246,6,21.676,41422,8.21
9Wt2SN9YwdI,"에이치엘비 최대주주(진양곤회장님), 유상증자 청약 대부분 참여 예정","May 9, 2020",4668,380.3322,3,22.624,39729,7.1
iXDoBRsMULQ,"SK바이오랜드, 인수에 인수를 하면 어떻게 되는 것인가? 한 다리 건너서 SK로 다시 들어갈 수가 있다?! (현대HCN과 SK텔레콤)","May 28, 2020",4657,341.5088,25,16.245,50958,5.89
vp6S803nvv0,에이치엘비 뉴스기사가 하나도 보이질 않습니다. | 강남 아파트 하락세 커졌다. | SK하이닉스 어닝서프라이즈,"Apr 23, 2020",4644,343.8655,1,15.134,33533,9.28
F5c3V_9gq88,에이치엘비의 롤모델 길리어드가 미증시 이끌었다|총선다음날 대출중단|팻핑거,"Apr 18, 2020",4642,299.5372,4,15.929,34386,7.58
T3buVjWsEL8,에이치엘비 리보세라닙 또 완전관해 2명!! 그러나 시장은 반응하지 않았다...,"May 14, 2020",4617,352.4158,4,18.696,33301,9.67
eRYgqCVIfSs,에이치엘비 공매도가 신주인수권을 대량으로 살 수 밖에 없었던 이유는? | 파월리스크 | 금값,"May 18, 2020",4607,386.5735,2,15.416,34949,8.57
FUTC0oJ0ZpY,"에이치엘비, 내일 열리는 Bio International Convention의 부스는 어떤 모습일까?","Jun 7, 2020",4597,243.6713,1,13.724,23423,13.43
1koUYKfTXyc,에이치엘비 ASCO 기대감?! | 삼성바이오로직스 매매 | 소액주주연대(메이슨캐피탈) | 유상증자(제주항공) | 나스닥(루이싱 상폐 통보),"May 22, 2020",4567,301.5898,5,12.436,30720,9.68
CCIXKpL0r9g,에이치엘비 다시보니 최근 주가는 우상향?! | 물타다 최저점 손절하는 개미가 있다?! 네 바로 접니다 | 오일머니는 위기 때 무엇을 하고 있었을까?,"May 13, 2020",4498,261.6248,-1,11.575,30527,8.76
ai_gMqJbYXM,에이치엘비 오늘 마감이었는데 드디어 감사보고서제출,"Mar 20, 2020",4497,300.1406,4,17.683,31384,9.2
N60gFHjVdUA,"에이치엘비, 이그잭스 이뮤노믹 투자 목적이 밝혀졌습니다.","Apr 23, 2020",4492,345.7543,7,11.359,33498,9.34
Vjxmq8wSKtM,"셀트리온, 세계9위 제약회사 다케다의 아시아태평양 지역 프라이머리 케어(PC) 사업 인수(영업양수) 공시를 살펴봅니다.","Jun 11, 2020",4438,364.675,24,15.364,37749,7.8
4NinnYz5P8w,"에이치엘비 최대주주, 유증미참여보다 블록딜 후 유증참여가 지분율이 높아지는 마법","May 15, 2020",4400,331.6383,2,14.275,32014,8.36
 -y268SS90No,에이치엘비 자회사에 이그잭스가 투자한 이유 가능성 3가지 | 원유ETN 거래된다고 곧장 매수하면 안 돼요 | 미국 공매도 | 라임 배드펀드,"Apr 20, 2020",4361,341.4422,10,11.894,50005,5.96
TIgVo0zacec,에이치엘비 MSCI지수 매수수요 207억원이었다. 스왑레이트(swap rate)가 +면 외국인 자금 유출 가능성이 있습니다.,"May 30, 2020",4348,260.9972,6,12.176,30421,7.83
G8_0oZCKCvM,에이치엘비 WHO 뉴스기사가 안 나오니 제가 언급드리겠습니다,"Apr 13, 2020",4325,325.471,10,14.365,32891,8.56
m8hjiU_Tipg,에이치엘비 바이오코리아 2020에서 IR 발표(5월19일 10시 20분),"May 19, 2020",4291,285.0518,7,15.727,24390,11.42
zI6uLeIF80c,에이치엘비 편하게 증권신고서로 주식공부하기 | 기한이익 상실? 질권 실행? (초록뱀 사례),"May 22, 2020",4256,302.3536,0,7.738,27277,9.94
B-dBvKSBHpQ,"에이치엘비, 일본제약사 1위와 2위는 M&A로 성장했습니다.","Mar 30, 2020",4249,306.0423,11,16.722,40817,6.22
eTsMVFYGLSs,"에이치엘비, 같은 바이오업종인 진원생명과학을 통해 공부해보는 유상증자 사례, 공통점과 차이점은?","May 9, 2020",4235,380.2423,4,9.429,50980,5.51
ZU9mT4LnyLI,"에이치엘비 개인들 이탈 지속, 실물경제 타격, 신흥국도 무제한 양적완화","Apr 1, 2020",4234,311.7561,22,10.058,35461,8.51
83DU3L5933Q,내일 시장에 영향줄만한 주말뉴스모음|대북경협주북한|바이오메디톡스|JP모건자금조달과HELOC중단|미국연은 국채매입 축소,"Apr 19, 2020",4136,547.7167,17,15.35,41407,6.52
n4ePfPnt1TQ,에이치엘비 청약 마지막 날 장대양봉!! 이벤트날에는 실망시키지 않는 종목 | ASCO,"May 29, 2020",4105,344.6871,9,20.892,27420,9.93
hLPC5Rijfaw,에이치엘비 하락하지도 않았는데 리픽싱된 이유? | 셀트리온헬스케어 블록딜 | 상승장은 어디까지 갈지 모르니 인버스는 조심해야 합니다.,"May 26, 2020",4084,294.7457,3,23.13,30768,8.78
NAW0choZ3o0,"에이치엘비생명과학, 그동안의 설움을 딛고 장대양봉 나왔습니다. hlb의 주식담보제공계약 해소","Jun 10, 2020",4065,367.044,2,11.884,35837,7.52
iPxa5sJGsDE,에이치엘비 개인들이 지쳐 떠나고 있습니다. 라이프코드인터네셔날 퍼즐 맞추기,"Mar 30, 2020",4017,332.0719,8,13.631,32583,8.65
d41hKH-VLDA,에이치엘비가 자동으로 매도가 되었습니다. 실권주는 어떻게 발생하나요?,"May 25, 2020",3927,231.6582,-1,10.538,27675,8.73
Qgi1vICob5o,에이치엘비 내일부터 유증청약입니다. | 셀트리온헬스케어 진입하지 않은 이유 좋은 내용을 공유해줄 땐 먼저 의심하라!,"May 27, 2020",3921,307.7804,6,15.609,30047,8.48
yPsNESIsdPs,"에이치엘비 엘레바, 스웨덴 바이오社로부터 항암제 글로벌 권리 인수","Mar 25, 2020",3920,313.3031,9,15.225,37187,7.22
QM3xaDhWUV0,"에이치엘비 기억에 잊혀졌나, 동학개미의 이동경로는? | 연준 회사채 매입 본격화합니다.","May 5, 2020",3898,221.3193,1,11.873,26548,8.07
SmNxmoUN9i0,에이치엘비 6개월 전고점 돌파 기념 방송,"Jun 1, 2020",3879,580.9509,9,19.291,23197,8.96
kxUAMw3BQNg,에이치엘비 투자설명서 #3 FDA 각 단계별 성공가능성,"Apr 25, 2020",3877,272.1707,4,16.495,31590,8.72
JU6ojRNtxXE,에이치엘비의 자금력과 공격적인 인수합병. 동학개미운동승리. 쌍용차 도산하는가?,"Apr 6, 2020",3839,352.1683,7,13.408,48839,5.32
hj92cBkA-vM,"에이치엘비, 가치투자 장기투자자를 위한 마인드(멘탈) 관리 영상","Apr 21, 2020",3835,311.4882,4,13.042,35873,7.42
H9SxsDvpO6A,"에이치엘비 단기차입금 감소결정, 재무제표에서 자기자본 보는 방법(자산=부채+자본)","Jun 10, 2020",3829,304.1328,5,10.742,30718,8.34
bZ4E4Z5SUrQ,에이치엘비 최대주주의 블록딜을 받은 외국계는 이중에 있을까? 아님 새로운 미국계 자산운용사일까?,"May 12, 2020",3815,331.6768,5,8.879,40865,6.51
_g0FNqf0ZLI,에이치엘비 신주인수권 질문답변입니다. | 신주인수권가격=수정기존주가-발행가,"May 11, 2020",3804,370.1246,8,11.533,37968,7.83
86nBFLo0rUA,에이치엘비 2연속 장대양봉 중입니다. 오늘은 제약바이오의 날입니다. (feat. 셀트리온3형제),"Jun 1, 2020",3797,320.0601,9,9.507,28201,9.13
9Gj4rSH_4hQ,에이치엘비 브레인센터 설립|넥사 단디바이오 코넥스 상장,"Apr 24, 2020",3791,234.9441,3,10.604,28343,8.91
JZJYMKJUDm8,에이치엘비 신주인수권 매수부터 청약까지 같이 해봅니다. | 에이치엘비파워 실적 | 금값 | 한전 저유가 흑자,"May 16, 2020",3786,257.9623,4,6.91,33113,7.87
WXODQzEcexI,"에이치엘비 리보세라닙과 병용 중인 항서제약의 캄렐리주맙, 중국 면역항암제들의 가격은 얼마일까? 중국에서 오프라벨 사용이 확산되는 이유?","May 31, 2020",3754,238.2907,3,10.132,34722,6.42
rO61fY8wFt0,"에이치엘비, 백신개발협업 기업 이름 공개 | 인버스 매매관점 복기","Apr 10, 2020",3697,252.9385,6,11.475,27358,8.7
a-_R5zzdu2o,"에이치엘비시황, 개인들은 현명해졌는가? 아님 역사는 반복되는가?","Mar 27, 2020",3693,293.7672,7,14.71,31583,7.68
ubVZ29ZWnoI,"에이치엘비생명과학, 시장조성자 공매도금지 가처분 신청 | AACR 일정 정정합니다.","May 3, 2020",3657,242.1316,2,12.027,28454,7.98
mOY91bMRhj8,에이치엘비는 어떻게 사이토카인 억제 치료물질을 개발하는 것일까,"Mar 22, 2020",3625,230.9826,9,10.949,28469,8.53
4fQ6vjBzt-E,에이치엘비 이뮤노믹 임상 美정부지원 신청은 어떻게 되었는가? | 이그잭스 정부 지원 기업 선정 | NFC란?,"Jun 11, 2020",3610,218.4034,6,13.457,24180,9.54
UwxRMozRWgk,"에이치엘비, 아필리아 pre-nda 미팅했습니다.","May 6, 2020",3604,306.9954,7,18.118,28909,8.94
klNkpTPG7-E,에이치엘비 매수한 신주인수권은 어디로 가버렸는가? 화면번호[0366] | 45억이 7조원이 되는 삼성의 승계 과정 | ABCP,"May 24, 2020",3601,184.4491,0,11.096,25406,9.12
oRaTubeA0qY,에이치엘비 최근 우상향 흐름 | 눈물 없인 볼 수 없는 주주연대의 피터지는 싸움(메이슨캐피탈) | 불성실공시법인지정 예상하는 방법(이더블유케이),"May 21, 2020",3499,260.1078,4,16.438,24473,9.47
5sU7xg8-p1c,[계좌공개]에이치엘비의 이뮤노믹과 이뮤노메딕스는 관련 있는 회사인가요?,"Apr 7, 2020",3486,230.9301,3,7.867,28360,7.99
p3GB_UboOHo,"에이치엘비 권리락은 뭔가요? 시황뉴스장마감브리핑(실업자,ELS,삼성전자,한진칼,중국,아파트)","Apr 17, 2020",3429,289.316,8,10.888,32901,7.77
kCBrRpikkqw,"에이치엘비 장마감 브리핑, 동학개미와 연준이 힘을 합하면 무적입니다.","May 6, 2020",3415,247.1414,2,5.467,27430,8.26
ae0u4WRie1c,에이치엘비 유상증자 참여한 주주들은 정말 40% 수익일까? 가격 착시,"Jun 11, 2020",3367,292.7863,1,13.732,30802,7.54
nWVWl2e_7ns,"신라젠 말도많고탈도많은데 에이치엘비, 셀트리온 등 바이오업종에 영향을 줄까","Apr 1, 2020",3323,292.4193,3,10.243,31697,6.88
ZDnfbSvkCJ4,"에이치엘비, 한양증권 목표가 나왔습니다","Apr 13, 2020",3265,211.4884,3,9.747,21925,8.41
wlN5AKeHYz4,에이치엘비 증권신고서 효력발생! 카카오 실적,"May 25, 2020",3261,250.4544,3,14.275,24391,8.96
yrHiKgjmV_E,"에이치엘비, 블록딜 뒤 급등사례 스튜디오드래곤","May 13, 2020",3164,243.8761,5,9.814,33823,6.78
3xh0sK12QLM,"[공시]에이치엘비생명과학, 최대주주 담보 잡힌 공시가 나오는 이유 | 지금 부동산 공부해야 하는 이유","Apr 8, 2020",3133,239.1354,7,7.575,33615,6.9
LKuo2Sxz6MQ,에이치엘비 개인이 돌아왔다. 스팸관여과다종목? 혈장치료. 한미통화스와프. 동학개미군. HTS/MTS 전산장애,"Apr 7, 2020",3112,236.2067,5,8.934,30722,7.04
UZaDBl2npTQ,"에이치엘비 기다리기 힘들지만 없는 재료를 만들어 올 수는 없으므로 인내해야 합니다|유가|두산인프라코어, 두산밥캣","Apr 10, 2020",3111,205.0914,4,8.085,32766,6.5
nwgEhptnJuc,에이치엘비 권리락이란 무엇인가요? 수정주가는 무엇인가요? 차이를 느껴보고 직접 계산해보기 | 메이슨캐피탈 소액주주 경영권 쟁취?,"May 21, 2020",3095,229.6614,0,5.68,25711,8.47
GD-g4s5Vy3w,"셀트리온 블록딜, 한은달러조달추가, 대기업은행대출폭증","Apr 1, 2020",3059,233.2128,8,7.735,31156,6.43
Fx9lSbYzets,에이치엘비의 위대함. 버티는 거 실화? 외인기관수급,"Mar 19, 2020",3028,239.6172,8,9.905,30535,6.75
yQP1RIXGzn4,에이치엘비 리보세라닙 美 논문에 실렸습니다.,"Mar 24, 2020",3019,206.6346,7,9.806,23937,7.95
IHBuOdabKmc,에이치엘비 정정증권신고서 채무상환자금이 증가한 이유는 무엇일까요,"Mar 30, 2020",3013,226.7276,2,9.117,32647,6.63
U6GEWVvE_yQ,에이치엘비 신주인수권도 원유ETN처럼 잘 알고 거래하셔야 합니다,"May 11, 2020",3009,283.8665,4,12.244,27696,7.57
W-rWM0-g3eo,에이치엘비 전환가액이 조정된 이유? 서울반도체 자회사인 서울바이오시스의 공기청정기 뉴스재탕,"Jun 9, 2020",2986,206.8584,5,11.768,28594,7.2
giBuAgcEYbQ,에이치엘비 관계사들 이뮤노믹 지분 집중 취득(넥스트사이언스)  | 김정은 건강 이상설,"Apr 21, 2020",2982,250.44,4,10.506,30540,6.49
gO62wXo-dOk,[공시] 에이치엘비 이뮤노믹 지분비율 정정을 미리 알 수 있었다?,"Apr 27, 2020",2899,234.0389,2,8.499,23497,8.45
fCVH1Io9UVU,에이치엘비 네오파마 근황 #1 이노와이즈,"May 3, 2020",2871,216.9696,0,13.637,26192,7.15
2ZJ7PDW4EI8,"에이치엘비, 유상증자 권리락 즈음 급등 사례, 명문제약 | 오리지날? 슈퍼 제네릭? 제네릭?","May 17, 2020",2860,194.0564,2,3.883,29316,5.89
x-Lc8h5wy0Q,에이치엘비 투자설명서 #6 희귀의약품 지정 신약,"Apr 26, 2020",2808,201.7596,4,9.952,25855,7.35
0G_7Ti9k1R4,에이치엘비 리보세라닙 VEGF의 V는 무엇일까? | 초록뱀(양회와 한한령해제),"May 24, 2020",2793,149.4028,0,9.532,23160,7.86
qGrqON36anw,"에이치엘비 6월19일 유증 신주상장일, 로한M 1주년 다가오는 플레이위드의 무상증자 사례","Jun 10, 2020",2789,188.0288,2,6.351,25319,6.88
SgQ0tuiV3LU,"에이치엘비 쉬어가는 타임?! 다시 뉴스가 뜸해졌습니다. | 불성실공시법인지정 사례(이더블유케이, 자안, 해마로푸드서비스, 에스엠, 코썬바이오)","May 20, 2020",2744,157.0275,2,7.184,24564,7.32
bwiKL0r7qV8,에이치엘비 최근 뉴스기사와 차트 특징 | 캔들만 봐도 수급과 공매도잔고를 예상할 수 있습니다.,"Apr 29, 2020",2742,253.4445,0,8.912,26464,7.19
nL67BETJ8d4,에이치엘비 단기차입금 600억원은 어떻게 쓰일까 | 메자닌과 라임,"Apr 9, 2020",2713,206.8403,1,7.836,36918,5.08
KceKDSwOU_8,에이치엘비 홈페이지 유무증 감사인사 | 에이비엘바이오 기술수출 LO 기대감,"Jun 10, 2020",2687,170.3025,5,7.815,23365,7.3
NQ2vQny2YTw,"에이치엘비 인수 이뮤노믹, 백신 제조 계획 확정","Mar 24, 2020",2685,193.9491,3,9.236,23007,7.15
55aV3GXgAHU,에이치엘비 어느새 다시 10만원 | 미국채금리 역대최저 | 중국이 미국채로 보복이 어려운이유 | 신라젠 배임횡령발생,"May 8, 2020",2617,159.927,3,9.164,26858,5.59
vmeSKQPcDZ8,매번 금융위기 때 등장하는 풋옵션 대박. 옵션이란 무엇일까,"Mar 21, 2020",2612,158.3833,18,6.786,33185,5.86
6HTEl8Ceb5o,에이치엘비 장기투자자를 위한 투자설명서 #1 신약개발의 낮은 성공 가능성,"Apr 25, 2020",2602,177.589,2,8.55,21920,7.22
vKCQyjVirrI,에이치엘비 정정신고서 제출,"Mar 25, 2020",2595,212.6237,3,7.611,24000,7.98
SFxfmlP2CGA,에이치엘비 이뮤노믹 AACR에서 동물실험결과 발표|p-hacking이란?|일양약품 우선주 상한가 갯수 실화인가요?,"Jun 12, 2020",2589,202.8923,2,8.071,19729,8.09
hwWLeuKh8Dc,유한양행이 준비중인 3가지 파이프라인은(CNS/이중항체/면역항암제)? 신라젠 검찰 결과 발표는?,"Jun 8, 2020",2589,171.2159,13,8.771,26130,7.77
l2uKqgHOQXY,"에이치엘비, 페길레이션(PEGylation) 기술을 가지고 있는 나노젠은 든든한 협력자입니다. HBS","May 21, 2020",2542,170.3711,0,10.936,22908,7.03
4vP8GG354pM,에이치엘비의 신용등급은 어느정도일까 | 삼성바이오로직스 계약 공시(매출액 대비 66%),"May 22, 2020",2492,179.1944,3,9.845,18862,9.24
u8rb_fctWng,"에이치엘비 개인이 파니까 오른다?! 유가 저점 찍었나? 한은 무제한돈풀기 첫날, 카톡 선물하기","Apr 2, 2020",2429,180.5729,2,4.626,28949,5.67
hPj-ur64CT4,증권사가 마진콜을?! 주식시장의 하락을 가속화할 수 있는 첨단금융의 위험요인,"Mar 21, 2020",2388,140.0436,8,5.912,25952,5.39
vHz6k2F8Sgw,"에이치엘비 장마감 브리핑 | 일본은행 국채매입 | 기업 회생, 파산신청","Apr 27, 2020",2376,146.9984,2,6.669,24253,6.93
2EN1bPKY98s,"에이치엘비, 병용중인 항서제약의 캄렐리주맙은 어떻게 치료하는 것일까? pd-1과 pd-L1의 이해","May 31, 2020",2373,139.0716,0,9.873,29363,5.36
TJBNmznTeDs,[공시]에이치엘비생명과학과파워 감사보고서제출,"Mar 18, 2020",2345,144.1212,5,7.531,21229,7.87
v_T45ogD908,에이치엘비 리보세라닙 ASCO 임상결과 16건 발표 | 씨젠 | 조국 | 시진핑 방한,"May 14, 2020",2332,181.6955,2,3.97,19652,8.3
CIJqarQ2lI0,에이치엘비 투자설명서 #5 파이프라인 현황(리보세라닙과 BTK),"Apr 26, 2020",2316,157.4883,2,9.777,24248,6.39
11teFRvwoLo,[계좌공개] 에이치엘비 오늘도 공매도잔고 줄었다. | 주식시장을 진단하려면 부동산도 알아야 합니다.,"Apr 8, 2020",2274,148.6185,2,6.486,23485,6.8
L9VD3k294M0,두산→두산중공업→두산인프라코어→두산밥캣 | 두산솔루스 매각흥행이 저조한 상황에서 빚을 어떻게 갚을 것인가?,"Jun 7, 2020",2086,136.2246,15,6.002,28984,5.11
aCmvP8-2_dY,에이치엘비 빅토리채널지표 이용할때 주의점과 팁 | 외인매도 | 메디톡스 상폐 심사 아니다,"Apr 20, 2020",2043,173.4352,14,6.303,26346,5.25
39ZMbCgyT3E,에이치엘비 확정발행가액이 2차가격이 아닌 1차인 이유 | 미중무역전쟁에서 중국의 무기 희토류는 어디에 쓰이는가? (유니온머티리얼) | 우상향하는 계좌는 확률 혹은 손익비가 좋다.,"May 27, 2020",2013,117.5127,2,6.844,22072,5.8
zAcpP9_aPQw,에이치엘비 진양곤회장님 지분비율이 줄은 이유 | 회사홈페이지 둘러보기,"Apr 27, 2020",1985,127.5737,4,5.536,23373,5.47
yMgttZkKi2A,[개발현황발표]셀트리온 이왕 개발하는 거 우리가 감기까지 끝내버리겠다,"Mar 23, 2020",1962,95.8091,5,4.202,15401,7.29
6rXoNXOkn0U,"[구조조정]두산솔루스, 두산그룹 매각관련주 | 두타몰 매각 유력","Apr 10, 2020",1951,125.0786,15,5.606,30470,4.95
xJrN7Nd-eXA,"에이치엘비 로열티 호재, 항서제약 지난해 리보세라닙 매출증가했습니다.","Mar 25, 2020",1923,96.6613,3,3.807,24288,5.06
 -KFzFFCUGLk,에이치엘비 장마감 브리핑 | 롯데지분싸움? | 금감원장 동학개미 돈 못 벌것 | 실업급여,"Apr 28, 2020",1900,136.6831,2,6.856,22472,5.64
sosd4hrqIjI,"넥스트사이언스, 진양곤회장님이 지분 계속 취득한 이유","Apr 7, 2020",1900,127.7234,4,4.008,21657,6.58
R6TPTQzo05A,에이치엘비 치료제 개발기간 18개월이면 긴건가요?,"Mar 23, 2020",1873,115.4196,1,4.787,16735,7.54
jyr78V2yFf4,[뉴스]서로 반대로 배팅하는 개미들|두산솔루스하락이유|KB금융 푸르덴셜인수|해외공장셧다운|EU경기부양합의|원유감산협상|한은CP|배달의민족|자산매각,"Apr 11, 2020",1810,132.021,5,6.24,25156,5.59
0jnRKMrRV4E,에이치엘비 이런 폭락장에 매일 기사로 주가방어해주는 회사는 없습니다,"Mar 19, 2020",1779,130.7,2,6.138,20483,6.14
lE0A8Uslg5c,두산중공업이 아닌 두산인프라코어를 인적분할하는 방법의 목적은?,"Jun 8, 2020",1708,134.4795,5,7.076,23890,5.15
lW1EKFzp_ik,에이치엘비파워 이사가 이그잭스 이사라고?!! | 살아난 두산중공업?,"Apr 21, 2020",1676,114.1484,0,3.656,25247,4.4
YeFAIqqef3E,"에이치엘비 신주인수권을 매수할 때, 실제로 얼마에 신주를 매수하는지 계산해줄 계산기를 공유합니다. | 신주인수권","May 11, 2020",1660,102.2585,2,4.801,21884,4.96
x1jCu6ilaLY,에이치엘비 금융감독원이 정정신고서제출요구를 하는 두 가지 이유,"Mar 25, 2020",1657,110.8042,1,3.551,21697,5.47
EdLciEm85wc,에이치엘비 키움증권에서 유상증자 청약하는 방법,"May 28, 2020",1642,123.6691,1,4.71,23938,4.44
4o2U8k5nANc,에이치엘비 네오파마 근황 #2 이노와이즈(화신테크),"May 4, 2020",1612,124.7042,0,2.813,20447,5.33
 -QZiJBUs3BE,에이치엘비 이뮤노믹 치료제는 다른기업과 무엇이 다른가요?,"Mar 24, 2020",1603,80.3355,0,4.212,20851,5.78
V0lV3tbMdR4,"[호가창] 에이치엘비,유비케어(뉴딜,최대주주변경),화천기계(조국),아난티(대북경협),대창,EDGC(진단키트)","May 10, 2020",1597,29.8278,-1,2.693,12086,8.06
RWyzw1iy230,에이치엘비 장대양봉 날 공매도는 숏커버링을 했을까? | 씨젠 실적 대박?! | 원유 ETF 소송이 진행되고 있습니다.,"May 13, 2020",1562,85.0511,0,3.4,15176,7.22
d2bSuOF6cbg,"[관상매매]오늘 저녁 11시 OPEC 원유감산회의가 있습니다|미국, 러시아, 사우디","Apr 9, 2020",1523,109.2382,12,3.589,24516,4.56
A-gTKmUdJZM,에이치엘비 구명정은 현재 어떻게 되었나? | 양회 개막 | 0!=1의 의미,"May 23, 2020",1517,93.7068,-1,6.552,17494,5.38
GPEJDJ7ICx4,"[유가]푸틴, 트럼프사우디와 얘기할 계획 없다 | 원유ETN단일가매매 시행","Apr 9, 2020",1506,86.3865,2,2.71,16071,5.77
ekbytly_plI,에이치엘비 유상증자 신주인수권 질문답변 #2,"May 13, 2020",1452,125.878,-1,2.559,19541,5.09
p5kI0ZS4MYM,에이치엘비 투자설명서 #7 리보세라닙 특허 권리,"Apr 26, 2020",1406,104.7231,0,4.441,18615,5.53
zqLf5IpfHg0,[증권신고서]롯데칠성음료|톱텍이 나노마스크를 고집한 이유,"Apr 11, 2020",1376,81.9025,9,3.87,25801,3.8
HprJawrgMlM,Fed 정크본드 매입|빌게이츠 문대통령 극찬|워렌버핏 한달간 4조원,"Apr 10, 2020",1333,81.5218,0,3.434,15017,4.78
cbiccRvb094,[공매도금지]시장조성자제도 무엇이 바뀌었는가,"Mar 18, 2020",1288,97.5979,2,4.175,19660,4.36
E6bTS5gJNDw,에이치엘비 투자설명서 #4 질환별 임상성공가능성과 임상123상의 차이점,"Apr 26, 2020",1277,87.3237,1,5.037,18955,4.39
glscgJujpeo,[시황] 연준(Fed): 하.. 내가 필살기까지는 안 쓰려고 했는데,"Mar 24, 2020",1274,86.3618,1,3.395,15501,5.57
lsrS3mUw6OQ,[초록뱀 매매복기] 차트와 호가창 매매영상에서 알려주지 않는 진짜 비기,"Apr 10, 2020",1263,77.867,5,2.042,16247,4.92
ax6W8Ha_bIk,[개발현황발표]셀트리온 치료제개발 프로세스 어디까지 완료됐고 남은 절차는 무엇일까,"Mar 23, 2020",1240,83.1872,1,3.422,15143,5.95
or6YgRFtYtI,에이치엘비 정정신고서 재무제표가 추가되었습니다. 부채비율은 적정수준일까요?,"Mar 25, 2020",1235,80.1748,2,4.558,16015,5.45
lPGOSqeDLM8,환율이 급격하게 올랐던 이유. 너네 사정은 모르겠고 달러 가져와 달러!!,"Mar 21, 2020",1208,76.7695,4,2.907,17617,4.29
ZSVEQSPPnQM,"스왑레이트는 미래환율과 현재환율로 계산합니다. MSCI 지수 편입 | 에이치엘비, 셀트리온제약, 더존비즈온, 한진칼, 네이버, 카카오, 미래에셋대우","Jun 5, 2020",1177,63.3885,0,4.202,14366,4.72
dRgOv8ynpO4,Fed(미연준)홈페이지에 들어가보았습니다,"Apr 20, 2020",1157,65.4139,1,1.936,12243,6.17
ah1Dg3TAQvU,에이치엘비 증권신고서 어떤 부분이 변경되었을까요? | 유상증자 후 최대주주 지분율,"May 12, 2020",1153,84.2249,3,4.562,17548,4.13
DA8MtHN_80I,"통계적 유의미성을 보여주는 probability value, P-해킹이란 무엇일까? | 유상증자 신주상장 전전일에 매도할 수 있나요?","Jun 12, 2020",1144,48.032,-1,3.125,14344,4.35
8mmQfD3CRDs,"'아~나는 손절이 잘 안 나가'하시는 분 보세요. HTS 잔고편입 자동매도하는법,","Mar 21, 2020",1126,62.4011,3,2.793,15878,4.3
igIzvC_5p2c,주말뉴스|지방아파트도 하락세|위기느낀 현대차노조|삼성전자1위뺏기다|베트남방역|행동경제학|4월 회사채 유동성 괜찮은가?,"Apr 18, 2020",1119,69.3209,0,1.695,17089,2.53
TNXGQ4oq0bg,셰일기업 파산이 남 이야기가 아니라 내 이야기였네 | 롤오버 슈퍼콘탱고,"Apr 9, 2020",1095,55.1835,2,2.29,14697,4.61
AjojpyBEcvE,에이치엘비 투자설명서 #8 글로벌제약사 연구개발비,"Apr 26, 2020",1067,82.4078,2,4.778,16478,3.98
heYiz4hRAm0,서울아파트값 하락폭 본격화 | 라임에서 에이치엔티 그리고 코디엠까지(+에스모),"Apr 9, 2020",1053,62.5477,3,1.905,14697,4.34
yc16wxqyQtc,[리픽싱]CB투자불패론|하락장에 상대적 박탈감을 줍니다,"Mar 18, 2020",1020,59.8264,1,2.768,12221,5.48
gYC6QmneP4Q,WTI 롤오버 기간입니다 | 국가부채 1700조 | 베이징 공장 가동률 90% | 증안펀드 9일,"Apr 7, 2020",1006,63.5287,2,2.179,18863,3.93
46VAk6QhjaA,[시황] 한국은행도 미국에 이어 필살기 씁니다. 양적완화 RP매입,"Mar 26, 2020",1000,57.3661,1,2.72,17512,3.39
GK-1435qdM4,인버스매매 실패복기. 백만원 넘게 날렸습니다. 참회하겠습니다.,"Apr 23, 2020",997,56.5667,-2,2.281,12361,5.02
4dDtYtPIHT4,[실시간]서킷동시호가이후 시장상황 너무 심각합니다. 하루하루 최악을 갱신 중,"Mar 19, 2020",921,41.724,0,2.109,13825,4.13
ld1TFaJxYoo,장마감 브리핑 즐거운 주말 보내세요.,"Mar 20, 2020",858,65.4263,1,2.498,11020,5.18
v_xq_Cp3lRM,온갖 수단에도 CP금리가 잡히지 않고 상승하는 이유(부동산). 2008년 서브프라임모기지사태 금융위기가 떠오르는 건 왜 일까요,"Apr 2, 2020",855,57.6706,0,2.092,19750,2.41
2LFMGMMniYo,[실시간]시황 어제는 맛보기였다. 본격 하락 시작,"Mar 19, 2020",822,48.5068,1,2.393,11977,4.58
vHHBM_kFgMU,에이치엘비 투자설명서 #2 합성의약품과 바이오의약품,"Apr 25, 2020",814,50.3788,1,2.565,10120,4.37
EIpR5obIHZM,[SCALPING] Korea Stock Trader 셀리버리 비씨월드제약 씨젠 셀트리온헬스케어,"Mar 24, 2020",799,11.252,-2,0.59,11754,3.82
vIq97DzqNmI,미연준(Fed) 파월 연설 내용은? #2,"May 15, 2020",798,65.994,-1,2.717,10512,4.59
zfkFbwCOIwc,[SCALPING]Korea Trader|아난티|셀트리온헬스케어,"Apr 4, 2020",787,11.8521,-1,1.055,10139,5.35
4K91lrLJVBU,[무제한QE] 미연준이 매입하는 MBS(주택저당증권)은 무엇일까,"Mar 24, 2020",781,68.9414,2,1.967,9719,2.06
ipKzpnfismA,증권사 망하면 내 주식은 어떻게 되나요? 예금자보호법,"Apr 13, 2020",774,46.5546,0,1.254,12369,3.77
WOrmp08Q8WU,[실시간]시장상황 코스피코스닥 서킷브레이커(CB1) 발동 실시간,"Mar 19, 2020",769,51.4625,0,2.763,12217,4.72
pTYrBdsbo4Y,삼성전자의 주력사업과 파운드리 시장,"Mar 21, 2020",768,42.5809,-1,2.143,14443,3.45
MR-V0y3nbwA,[동학유가운동] LP가 없는 시장에 개미가 왕입니다. WTI 괴리율이 점점 더 커지고 있습니다. 원유 ETF와 ETN 차이,"Apr 8, 2020",737,46.2599,3,1.74,12533,3.9
coW-6Bhrwvw,어디까지 상승할까? 상상력을 넓혀주는 영상 | 한국은행통화신용정책보고서를 보다가...,"Apr 16, 2020",731,41.2853,1,1.484,11948,3.28
peGCWwVd_SM,"[SCALPING] Korea Stocktrader 다날, 신라젠, 케이엠더블유, 서울반도체","Apr 4, 2020",726,13.0701,-1,1.076,12443,4.05
-7c9JP-BMDQ,"총선결과 | 미국, 항공사 250억달러 무상지원 이유는? | 원유 | MMF와 CMA","Apr 15, 2020",708,40.3416,2,2.07,12668,3.09
BG-hLsg3aTs,"[SCALPING] Korea Stock Trader 서울식품, 이씨에스, 레몬, 흥구석유","Apr 12, 2020",655,12.2877,3,0.733,11365,3.86
RdlELuqymWg,에이치엘비 정정신고서 재무제표 유동비율은 건전한가요,"Mar 25, 2020",642,37.0978,2,1.898,12854,3.49
AFPianwvRS0,"에이치엘비 한철지난 정정신고서 미리보기, 좋은사람들 유상증자 사례","Apr 15, 2020",620,36.1726,0,0.772,8742,4.56
Rp041L8nghc,"[호가창] 에이치엘비, YBM넷 (개학 일주일 추가 연기)","May 11, 2020",617,12.5215,0,0.827,7076,5.58
 -Gzc8MnjcnM,"[SCALPING] Korea Stock Trader 프로스테믹스, 한창제지, 셀트리온헬스케어","Apr 11, 2020",606,8.6686,0,0.872,9495,4.73
F4Dz078aFdc,셀트리온의 바이오의약품 단계별 생산 공정,"Mar 24, 2020",601,25.0691,3,1.853,8882,5.65
W0KT83Ytfeg,넥스트사이언스 감사보고서제출 에이치엘비는 언제?,"Mar 20, 2020",597,34.0479,-1,1.363,12734,3.02
ipOannD8vwk,증권사가 개미에게 대출해주는 이유|OPEC합의에도 유가 빠진 이유|라임 5월부터 상환|두산중공업 솔루스 매각 결렬,"Apr 13, 2020",585,24.9459,-1,1.557,13563,2
MSzQuF486qE,"주식공부할 때 차트, 호가창이 아닌 뉴스기사부터 시작해야 하는 이유","Apr 8, 2020",576,40.1138,2,0.787,9485,3.19
36tD638_Tj4,[SCALPING][상따][돌파매매]Korea Stock Trader|남영비비안|녹십자랩셀|에스맥|신라젠|진양제약,"Apr 12, 2020",541,11.6202,1,0.677,10233,3.14
HOkAwowCmC0,[SCALPING]KODEX코스닥150선물인버스|삼성레버리지WTI원유선물ETN|에스모|한진|KODEX200선물인버스2X|비트컴퓨터|두산밥캣|다날|에스맥|올리패스|케이씨씨글라스,"Apr 12, 2020",541,10.3759,-2,0.798,12004,2.83
l5kVb6eEdfQ,유가가 0달러 하락돌파도 모자라 -40달러까지 하락한 이유(돈주고 팔아야 하는 기현상),"Apr 21, 2020",529,37.4814,1,1.235,11170,3.38
NHKlGflXi78,인버스 하락 전조현상 이게 과연 우연일까? 그동안 적응해왔는데 갑자기 환경이 바뀌면 겪는 어려움. 미중무역전쟁과 홍콩보안법,"May 28, 2020",527,23.8987,1,1.171,10505,2.78
rA1osc28bwc,"[호가창] 국동, 녹십자웰빙, 메드팩토, YBM넷, 메가엠디, 영진약품, 현대리바트, NICE평가정보, 일동제약","May 13, 2020",520,10.2573,0,0.848,8825,3.56
W6X3NkkVIdI,"뉴스모음|마진콜과 캐시콜(브랙시트)|유가와 키움HTS|시간외신라젠하한가,아시아나상한가|두산중공업|한진칼과대한항공유상증자|5월물 만나러 갑니다","Apr 21, 2020",519,39.1525,-1,0.968,13374,2.09
Y7xMONYbTtA,"원유 ETN 괴리율이 이해가 안 돼요 | ETF는 펀드, ETN은 채권 | NAV와 IV","Apr 15, 2020",506,37.384,1,1.166,14356,2.56
7oK8249Aqvc,셀트리온제약의 실적과 합병 | 경쟁사의 위기를 기회로 시장점유율을 높이는 전략,"Jun 1, 2020",501,30.3152,1,1.131,10449,2.91
JdaVaxza1Cw,아침뉴스 | Fed의 monetary policy 세가지 중 우리가 잘 모르는 두가지,"Apr 21, 2020",495,23.6976,1,1.184,9122,2.67
meskQtRLeBU,코오롱 완전쩜상|인보사|채안펀드 있지만 회사채는 살얼음판|수출꺾임|실업급여,"Apr 13, 2020",495,17.174,-1,0.684,10223,1.93
MjwtBeUd3tE,Korea stock trader's very short-term trading|피씨엘|미코,"Mar 21, 2020",488,10.2684,0,0.504,9827,3.41
0umNnixK-b8,Korea stock trader's very short-term trading|톱텍|레버리지|인버스,"Mar 21, 2020",483,8.2705,-2,0.576,9777,2.75
KyMNIRWmgzo,미중 전쟁은 11년도 오바마 시절에도 있었는데 트럼프 현재와 매우 비슷합니다.,"Apr 19, 2020",473,24.15,-2,0.893,10926,1.98
DGZO8rcm3R4,공매도 잘 알려지지 않은 구체적인 예외사항과 궁금증을 해결합니다.,"Mar 22, 2020",460,23.9831,1,1.479,10064,2.56
8IQfhNJSJlw,"[호가창 씹뜯맛] 씨젠, SK케미칼, YBM넷, 수젠텍,제일약품, NHN한국사이버결제,동화기업, EDGC,진원생명과학","May 14, 2020",434,8.6644,-1,0.606,7681,2.83
MYFhQsxD4Mk,2008년 뉴스기사는 어땠을까? 미국발 서브프라임모기지사태 | 환율과 증권사 전망 | 코스피,"Apr 25, 2020",426,33.5398,0,1.238,12363,1.67
aV2T8iQPZwg,[발권력]한국은행이 회사채나 CP를 직접 매입하는 방안을 미루는 이유,"Apr 6, 2020",406,19.2053,-1,0.559,8495,2.01
GW2eW4o5R68,"[호가창] 부광약품, 풀무원, 웹젠, 다우기술, 톱텍, 녹십자랩셀, EDGC, 넥스트BT, 바이오리더스","May 12, 2020",366,5.7568,2,0.592,6651,3.14
mkFlUueX_zE,[IMF] 1997년 외환위기는 왜 온 것일까 | 사람심리와 사고방식에 대한 고찰,"Apr 11, 2020",353,20.4305,-1,0.891,10060,1.68
jW7_KQWCJ1A,[매매복기] 왜 내가 인버스만 들어가면 반등하는데!!,"Apr 24, 2020",345,16.4824,1,0.84,7304,2.56
BcCV7gPtY8U,[SCALPING][상따처리][낙주매매][눌림매매]Korea Stock Trader|에스맥|삼성레버리지WTI원유선물ETN|네이처셀,"Apr 12, 2020",330,8.8276,1,0.493,8272,2.6
JqgwoVAPxn8,"[박제] 인버스, 잘못된 판단을 하고 고집을 부린 결과...Don't fight the fed !!","May 10, 2020",330,15.5431,0,0.883,8032,2.37
bi0Ef2TfYOQ,[스포주의]국가부도의날을 보고 든 생각들(1997년 외환위기 IMF),"Apr 11, 2020",321,16.638,0,0.453,9463,1.89
dKJWTp_uxF8,[SCALPING]Korea stock trader|비씨월드제약|엔지켐생명과학|셀트리온헬스케어,"Mar 23, 2020",306,6.2104,0,0.342,7533,2.51
vpJPnVgvZ4c,Fed의 기능과 목적 #4 최대 6% 배당금,"Apr 30, 2020",302,10.5319,-1,0.557,7131,2.13
hZcx772HKzs,미연준(Fed) 파월 연설 내용은? #1,"May 14, 2020",297,12.7125,0,0.806,7764,2.14
bQKVMcjbz-I,"삼성전자, 환율 하락기에 사야할까? (feat. 환율 1100원대 진입)","Jun 10, 2020",287,15.5914,0,0.606,9227,1.61
7fp6DbzODvU,[SCALPING][상한가]삼성바이오로직스|에스티큐브|에이비엘바이오|아시아나항공|현대에이치씨엔|SK증권|초록뱀,"Apr 13, 2020",277,4.8773,0,0.328,6684,3.08
0ztB9pB914o,부동산과 증권업의 관계 PF와 ABCP,"Apr 18, 2020",267,21.6557,-1,0.742,9465,1.53
oxYHg_ZDV_A,[SCALPING]Korea stock trading|SV인베스트먼트|비씨월드제약,"Mar 23, 2020",264,5.8263,0,0.309,6837,2.33
tBq8VMy93gQ,연방준비제도(Federal Reserve System)의 이해,"May 16, 2020",256,11.295,0,0.938,8447,1.63
4yXXbFCI9_c,[통화스왑] 한은이 통화스왑 외화대출 중단한 이유 | 스왑레이트가 상승하면?,"May 8, 2020",250,11.6697,0,0.79,6787,1.68
XgmSKNREv8o,IMF 대안이었던 ABS(자산유동화증권)이란 무엇일까?,"Apr 11, 2020",248,6.9581,-1,0.279,8838,0.96
wNrwL1DtAWY,"[시황]마장폭등, 무제한양적완화 및 재정지원 그리고 Repo에 대한 이해","Mar 24, 2020",244,14.1551,0,0.672,7516,2.12
lVpwHy35qWg,Fed의 기능과 목적 #6 9명 멤버의 임기와 구성,"May 1, 2020",220,5.8323,0,0.22,8031,1.26
OMIUhb0zkj8,Fed의 기능과 목적 #1 5 Functions,"Apr 29, 2020",195,7.7785,1,0.492,5916,1.76
VZIad_bK4r8,"한국은행 당좌예금계정과 지급결제제도(지급, 청산, 결제)","Apr 22, 2020",175,6.1722,0,0.244,7682,0.96
HgfmY8nQZII,Fed의 기능과 목적 #5 대통령과 상원의 역할,"May 1, 2020",153,6.4633,-2,0.444,7245,1.06
_gCd1F6XDDM,Fed의 기능과 목적 #3 Decentralized System,"Apr 30, 2020",130,5.0886,0,0.13,6880,0.9
6t7LpcWA5ko,Fed의 기능과 목적 #2 Single bank(X) System(O),"Apr 30, 2020",118,4.3595,0,0.254,6009,1.15
